match_id,season,city,date,team1,team2,toss_winner,toss_decision,result,dl_applied,winner,win_by_runs,win_by_wickets,player_of_match,venue,umpire1,umpire2
1,2022,Ahmedabad,2018-04-12,Kolkata Knight Riders,Gujarat Titans,Gujarat Titans,bat,wickets,0,Kolkata Knight Riders,0,6,Sai Sudharsan,"Narendra Modi Stadium, Ahmedabad",C Shamshuddin,KN Ananthapadmanabhan
2,2024,Delhi,2018-04-23,Sunrisers Hyderabad,Delhi Capitals,Delhi Capitals,field,runs,0,Sunrisers Hyderabad,14,0,Abhishek Sharma,"Arun Jaitley Stadium, Delhi",C Shamshuddin,KN Ananthapadmanabhan
3,2023,Kolkata,2018-05-09,Mumbai Indians,Chennai Super Kings,Mumbai Indians,bat,runs,0,Mumbai Indians,13,0,Tilak Varma,"Eden Gardens, Kolkata",C Shamshuddin,KN Ananthapadmanabhan
4,2023,Chennai,2018-05-23,Rajasthan Royals,Punjab Kings,Punjab Kings,field,runs,0,Rajasthan Royals,20,0,Jos Buttler,"MA Chidambaram Stadium, Chepauk, Chennai",C Shamshuddin,KN Ananthapadmanabhan
5,2020,Lucknow,2018-06-06,Mumbai Indians,Punjab Kings,Punjab Kings,bat,wickets,0,Mumbai Indians,0,5,Jitesh Sharma,"Bharat Ratna Shri Atal Bihari Vajpayee Ekana Cricket Stadium, Lucknow",C Shamshuddin,KN Ananthapadmanabhan
6,2018,Jaipur,2018-06-17,Delhi Capitals,Lucknow Super Giants,Delhi Capitals,bat,wickets,0,Lucknow Super Giants,0,7,Marcus Stoinis,"Sawai Mansingh Stadium, Jaipur",C Shamshuddin,KN Ananthapadmanabhan
7,2019,Mumbai,2018-07-01,Lucknow Super Giants,Sunrisers Hyderabad,Lucknow Super Giants,bat,runs,0,Lucknow Super Giants,3,0,KL Rahul,"Wankhede Stadium, Mumbai",C Shamshuddin,KN Ananthapadmanabhan
8,2020,Mumbai,2018-07-16,Gujarat Titans,Rajasthan Royals,Gujarat Titans,bat,wickets,0,Rajasthan Royals,0,4,Matthew Wade,"Wankhede Stadium, Mumbai",C Shamshuddin,KN Ananthapadmanabhan
9,2023,Delhi,2018-07-30,Rajasthan Royals,Chennai Super Kings,Rajasthan Royals,bat,runs,0,Rajasthan Royals,48,0,Jos Buttler,"Arun Jaitley Stadium, Delhi",C Shamshuddin,KN Ananthapadmanabhan
10,2024,Delhi,2018-08-12,Rajasthan Royals,Kolkata Knight Riders,Kolkata Knight Riders,field,runs,0,Rajasthan Royals,63,0,Shreyas Iyer,"Arun Jaitley Stadium, Delhi",C Shamshuddin,KN Ananthapadmanabhan
11,2020,Mohali,2018-08-27,Punjab Kings,Gujarat Titans,Gujarat Titans,bat,runs,0,Gujarat Titans,47,0,David Miller,"Punjab Cricket Association IS Bindra Stadium, Mohali",C Shamshuddin,KN Ananthapadmanabhan
12,2019,Jaipur,2018-09-09,Sunrisers Hyderabad,Royal Challengers Bengaluru,Royal Challengers Bengaluru,bat,runs,0,Royal Challengers Bengaluru,10,0,Rahul Tripathi,"Sawai Mansingh Stadium, Jaipur",C Shamshuddin,KN Ananthapadmanabhan
13,2019,Lucknow,2018-09-26,Rajasthan Royals,Punjab Kings,Rajasthan Royals,bat,wickets,0,Punjab Kings,0,3,Shimron Hetmyer,"Bharat Ratna Shri Atal Bihari Vajpayee Ekana Cricket Stadium, Lucknow",C Shamshuddin,KN Ananthapadmanabhan
14,2021,Lucknow,2018-10-06,Lucknow Super Giants,Gujarat Titans,Lucknow Super Giants,field,runs,0,Gujarat Titans,6,0,Ayush Badoni,"Bharat Ratna Shri Atal Bihari Vajpayee Ekana Cricket Stadium, Lucknow",C Shamshuddin,KN Ananthapadmanabhan
15,2023,Hyderabad,2018-10-23,Delhi Capitals,Kolkata Knight Riders,Delhi Capitals,field,wickets,0,Delhi Capitals,0,4,Tailender 5,"Rajiv Gandhi International Stadium, Hyderabad",C Shamshuddin,KN Ananthapadmanabhan
16,2024,Kolkata,2018-11-05,Royal Challengers Bengaluru,Kolkata Knight Riders,Kolkata Knight Riders,field,wickets,0,Kolkata Knight Riders,0,2,Rinku Singh,"Eden Gardens, Kolkata",C Shamshuddin,KN Ananthapadmanabhan
17,2021,Chennai,2018-11-19,Mumbai Indians,Punjab Kings,Mumbai Indians,field,wickets,0,Mumbai Indians,0,6,Rohit Sharma,"MA Chidambaram Stadium, Chepauk, Chennai",C Shamshuddin,KN Ananthapadmanabhan
18,2018,Lucknow,2018-12-03,Kolkata Knight Riders,Lucknow Super Giants,Kolkata Knight Riders,field,runs,0,Lucknow Super Giants,19,0,Marcus Stoinis,"Bharat Ratna Shri Atal Bihari Vajpayee Ekana Cricket Stadium, Lucknow",C Shamshuddin,KN Ananthapadmanabhan
19,2019,Hyderabad,2018-12-17,Delhi Capitals,Kolkata Knight Riders,Kolkata Knight Riders,bat,tie,0,Delhi Capitals,0,0,Venkatesh Iyer,"Rajiv Gandhi International Stadium, Hyderabad",C Shamshuddin,KN Ananthapadmanabhan
20,2020,Chennai,2018-12-30,Mumbai Indians,Delhi Capitals,Mumbai Indians,bat,wickets,0,Delhi Capitals,0,8,Rishabh Pant,"MA Chidambaram Stadium, Chepauk, Chennai",C Shamshuddin,KN Ananthapadmanabhan
21,2021,Kolkata,2019-01-12,Gujarat Titans,Chennai Super Kings,Chennai Super Kings,field,wickets,0,Chennai Super Kings,0,2,David Miller,"Eden Gardens, Kolkata",C Shamshuddin,KN Ananthapadmanabhan
22,2021,Jaipur,2019-01-27,Chennai Super Kings,Sunrisers Hyderabad,Sunrisers Hyderabad,field,runs,0,Chennai Super Kings,22,0,MS Dhoni,"Sawai Mansingh Stadium, Jaipur",C Shamshuddin,KN Ananthapadmanabhan
23,2021,Delhi,2019-02-14,Gujarat Titans,Kolkata Knight Riders,Gujarat Titans,bat,runs,0,Gujarat Titans,34,0,David Miller,"Arun Jaitley Stadium, Delhi",C Shamshuddin,KN Ananthapadmanabhan
24,2019,Bengaluru,2019-02-24,Punjab Kings,Kolkata Knight Riders,Punjab Kings,field,wickets,0,Punjab Kings,0,3,Jonny Bairstow,"M Chinnaswamy Stadium, Bengaluru",C Shamshuddin,KN Ananthapadmanabhan
25,2019,Hyderabad,2019-03-13,Sunrisers Hyderabad,Lucknow Super Giants,Lucknow Super Giants,bat,wickets,0,Sunrisers Hyderabad,0,2,Quinton de Kock,"Rajiv Gandhi International Stadium, Hyderabad",C Shamshuddin,KN Ananthapadmanabhan
26,2022,Chennai,2019-03-27,Gujarat Titans,Rajasthan Royals,Gujarat Titans,bat,runs,0,Gujarat Titans,38,0,Tailender 6,"MA Chidambaram Stadium, Chepauk, Chennai",C Shamshuddin,KN Ananthapadmanabhan
27,2023,Chennai,2019-04-11,Mumbai Indians,Punjab Kings,Mumbai Indians,bat,wickets,0,Punjab Kings,0,5,Suryakumar Yadav,"MA Chidambaram Stadium, Chepauk, Chennai",C Shamshuddin,KN Ananthapadmanabhan
28,2021,Lucknow,2019-04-23,Delhi Capitals,Chennai Super Kings,Delhi Capitals,field,wickets,0,Delhi Capitals,0,6,Rishabh Pant,"Bharat Ratna Shri Atal Bihari Vajpayee Ekana Cricket Stadium, Lucknow",C Shamshuddin,KN Ananthapadmanabhan
29,2020,Mohali,2019-05-06,Mumbai Indians,Rajasthan Royals,Rajasthan Royals,bat,runs,0,Rajasthan Royals,78,0,Sanju Samson,"Punjab Cricket Association IS Bindra Stadium, Mohali",C Shamshuddin,KN Ananthapadmanabhan
30,2023,Jaipur,2019-05-21,Lucknow Super Giants,Chennai Super Kings,Lucknow Super Giants,field,wickets,0,Lucknow Super Giants,0,9,KL Rahul,"Sawai Mansingh Stadium, Jaipur",C Shamshuddin,KN Ananthapadmanabhan
31,2021,Jaipur,2019-06-03,Gujarat Titans,Chennai Super Kings,Gujarat Titans,field,runs,0,Chennai Super Kings,12,0,David Miller,"Sawai Mansingh Stadium, Jaipur",C Shamshuddin,KN Ananthapadmanabhan
32,2021,Hyderabad,2019-06-19,Lucknow Super Giants,Royal Challengers Bengaluru,Lucknow Super Giants,bat,runs,0,Lucknow Super Giants,3,0,Nicholas Pooran,"Rajiv Gandhi International Stadium, Hyderabad",C Shamshuddin,KN Ananthapadmanabhan
33,2024,Hyderabad,2019-07-03,Chennai Super Kings,Sunrisers Hyderabad,Chennai Super Kings,bat,wickets,0,Sunrisers Hyderabad,0,7,Travis Head,"Rajiv Gandhi International Stadium, Hyderabad",C Shamshuddin,KN Ananthapadmanabhan
34,2020,Delhi,2019-07-15,Kolkata Knight Riders,Punjab Kings,Kolkata Knight Riders,field,runs,0,Punjab Kings,77,0,Shikhar Dhawan,"Arun Jaitley Stadium, Delhi",C Shamshuddin,KN Ananthapadmanabhan
35,2022,Chennai,2019-07-30,Kolkata Knight Riders,Rajasthan Royals,Kolkata Knight Riders,field,wickets,0,Kolkata Knight Riders,0,3,Nitish Rana,"MA Chidambaram Stadium, Chepauk, Chennai",C Shamshuddin,KN Ananthapadmanabhan
36,2020,Lucknow,2019-08-10,Kolkata Knight Riders,Lucknow Super Giants,Kolkata Knight Riders,field,runs,0,Lucknow Super Giants,18,0,Tailender 6,"Bharat Ratna Shri Atal Bihari Vajpayee Ekana Cricket Stadium, Lucknow",C Shamshuddin,KN Ananthapadmanabhan
37,2018,Hyderabad,2019-08-28,Gujarat Titans,Rajasthan Royals,Rajasthan Royals,field,wickets,0,Rajasthan Royals,0,8,Yashasvi Jaiswal,"Rajiv Gandhi International Stadium, Hyderabad",C Shamshuddin,KN Ananthapadmanabhan
38,2019,Jaipur,2019-09-11,Lucknow Super Giants,Kolkata Knight Riders,Kolkata Knight Riders,field,wickets,0,Kolkata Knight Riders,0,5,Shreyas Iyer,"Sawai Mansingh Stadium, Jaipur",C Shamshuddin,KN Ananthapadmanabhan
39,2020,Chennai,2019-09-22,Sunrisers Hyderabad,Lucknow Super Giants,Sunrisers Hyderabad,bat,runs,0,Sunrisers Hyderabad,22,0,Abhishek Sharma,"MA Chidambaram Stadium, Chepauk, Chennai",C Shamshuddin,KN Ananthapadmanabhan
40,2020,Delhi,2019-10-05,Punjab Kings,Mumbai Indians,Punjab Kings,bat,wickets,0,Mumbai Indians,0,5,Liam Livingstone,"Arun Jaitley Stadium, Delhi",C Shamshuddin,KN Ananthapadmanabhan
41,2018,Hyderabad,2019-10-23,Lucknow Super Giants,Chennai Super Kings,Chennai Super Kings,bat,wickets,0,Lucknow Super Giants,0,5,MS Dhoni,"Rajiv Gandhi International Stadium, Hyderabad",C Shamshuddin,KN Ananthapadmanabhan
42,2020,Delhi,2019-11-05,Rajasthan Royals,Mumbai Indians,Mumbai Indians,bat,runs,0,Mumbai Indians,20,0,Tilak Varma,"Arun Jaitley Stadium, Delhi",C Shamshuddin,KN Ananthapadmanabhan
43,2024,Chennai,2019-11-19,Sunrisers Hyderabad,Delhi Capitals,Delhi Capitals,field,runs,0,Sunrisers Hyderabad,35,0,Axar Patel,"MA Chidambaram Stadium, Chepauk, Chennai",C Shamshuddin,KN Ananthapadmanabhan
44,2022,Hyderabad,2019-11-30,Royal Challengers Bengaluru,Lucknow Super Giants,Lucknow Super Giants,bat,wickets,0,Royal Challengers Bengaluru,0,2,KL Rahul,"Rajiv Gandhi International Stadium, Hyderabad",C Shamshuddin,KN Ananthapadmanabhan
45,2022,Hyderabad,2019-12-17,Punjab Kings,Lucknow Super Giants,Punjab Kings,field,wickets,0,Punjab Kings,0,8,KL Rahul,"Rajiv Gandhi International Stadium, Hyderabad",C Shamshuddin,KN Ananthapadmanabhan
46,2024,Chennai,2019-12-29,Lucknow Super Giants,Rajasthan Royals,Lucknow Super Giants,field,runs,0,Rajasthan Royals,19,0,Shimron Hetmyer,"MA Chidambaram Stadium, Chepauk, Chennai",C Shamshuddin,KN Ananthapadmanabhan
47,2021,Kolkata,2020-01-11,Delhi Capitals,Punjab Kings,Punjab Kings,field,runs,0,Delhi Capitals,13,0,Mitchell Marsh,"Eden Gardens, Kolkata",C Shamshuddin,KN Ananthapadmanabhan
48,2024,Delhi,2020-01-27,Punjab Kings,Chennai Super Kings,Chennai Super Kings,bat,wickets,0,Punjab Kings,0,5,Shikhar Dhawan,"Arun Jaitley Stadium, Delhi",C Shamshuddin,KN Ananthapadmanabhan
49,2022,Bengaluru,2020-02-13,Gujarat Titans,Royal Challengers Bengaluru,Gujarat Titans,field,runs,0,Royal Challengers Bengaluru,17,0,Virat Kohli,"M Chinnaswamy Stadium, Bengaluru",C Shamshuddin,KN Ananthapadmanabhan
50,2023,Mohali,2020-02-22,Kolkata Knight Riders,Royal Challengers Bengaluru,Royal Challengers Bengaluru,field,wickets,0,Royal Challengers Bengaluru,0,3,Tailender 5,"Punjab Cricket Association IS Bindra Stadium, Mohali",C Shamshuddin,KN Ananthapadmanabhan
51,2019,Kolkata,2020-03-11,Chennai Super Kings,Gujarat Titans,Gujarat Titans,bat,wickets,0,Chennai Super Kings,0,5,Ajinkya Rahane,"Eden Gardens, Kolkata",C Shamshuddin,KN Ananthapadmanabhan
52,2020,Lucknow,2020-03-26,Royal Challengers Bengaluru,Sunrisers Hyderabad,Sunrisers Hyderabad,field,runs,0,Royal Challengers Bengaluru,31,0,Dinesh Karthik,"Bharat Ratna Shri Atal Bihari Vajpayee Ekana Cricket Stadium, Lucknow",C Shamshuddin,KN Ananthapadmanabhan
53,2022,Hyderabad,2020-04-06,Lucknow Super Giants,Sunrisers Hyderabad,Lucknow Super Giants,bat,runs,0,Lucknow Super Giants,27,0,Abhishek Sharma,"Rajiv Gandhi International Stadium, Hyderabad",C Shamshuddin,KN Ananthapadmanabhan
54,2020,Chennai,2020-04-21,Delhi Capitals,Rajasthan Royals,Rajasthan Royals,bat,runs,0,Rajasthan Royals,41,0,Sanju Samson,"MA Chidambaram Stadium, Chepauk, Chennai",C Shamshuddin,KN Ananthapadmanabhan
55,2024,Mumbai,2020-05-05,Mumbai Indians,Delhi Capitals,Mumbai Indians,field,runs,0,Delhi Capitals,25,0,Prithvi Shaw,"Wankhede Stadium, Mumbai",C Shamshuddin,KN Ananthapadmanabhan
56,2023,Hyderabad,2020-05-20,Kolkata Knight Riders,Lucknow Super Giants,Lucknow Super Giants,bat,runs,0,Lucknow Super Giants,43,0,Quinton de Kock,"Rajiv Gandhi International Stadium, Hyderabad",C Shamshuddin,KN Ananthapadmanabhan
57,2021,Ahmedabad,2020-06-03,Delhi Capitals,Mumbai Indians,Mumbai Indians,bat,wickets,0,Delhi Capitals,0,4,Tilak Varma,"Narendra Modi Stadium, Ahmedabad",C Shamshuddin,KN Ananthapadmanabhan
58,2024,Mumbai,2020-06-13,Lucknow Super Giants,Mumbai Indians,Mumbai Indians,field,runs,0,Lucknow Super Giants,83,0,Ayush Badoni,"Wankhede Stadium, Mumbai",C Shamshuddin,KN Ananthapadmanabhan
59,2020,Jaipur,2020-07-02,Mumbai Indians,Gujarat Titans,Gujarat Titans,bat,runs,0,Gujarat Titans,23,0,Shubman Gill,"Sawai Mansingh Stadium, Jaipur",C Shamshuddin,KN Ananthapadmanabhan
60,2020,Ahmedabad,2020-07-14,Mumbai Indians,Rajasthan Royals,Rajasthan Royals,bat,wickets,0,Mumbai Indians,0,2,Riyan Parag,"Narendra Modi Stadium, Ahmedabad",C Shamshuddin,KN Ananthapadmanabhan
61,2018,Mohali,2020-07-27,Rajasthan Royals,Punjab Kings,Punjab Kings,bat,wickets,0,Rajasthan Royals,0,5,Shikhar Dhawan,"Punjab Cricket Association IS Bindra Stadium, Mohali",C Shamshuddin,KN Ananthapadmanabhan
62,2020,Lucknow,2020-08-13,Kolkata Knight Riders,Lucknow Super Giants,Kolkata Knight Riders,bat,runs,0,Kolkata Knight Riders,25,0,Rinku Singh,"Bharat Ratna Shri Atal Bihari Vajpayee Ekana Cricket Stadium, Lucknow",C Shamshuddin,KN Ananthapadmanabhan
63,2019,Mumbai,2020-08-26,Mumbai Indians,Chennai Super Kings,Mumbai Indians,field,runs,0,Chennai Super Kings,4,0,Ruturaj Gaikwad,"Wankhede Stadium, Mumbai",C Shamshuddin,KN Ananthapadmanabhan
64,2020,Lucknow,2020-09-06,Lucknow Super Giants,Gujarat Titans,Lucknow Super Giants,field,runs,0,Gujarat Titans,42,0,Sai Sudharsan,"Bharat Ratna Shri Atal Bihari Vajpayee Ekana Cricket Stadium, Lucknow",C Shamshuddin,KN Ananthapadmanabhan
65,2018,Hyderabad,2020-09-24,Sunrisers Hyderabad,Kolkata Knight Riders,Sunrisers Hyderabad,field,runs,0,Kolkata Knight Riders,39,0,Venkatesh Iyer,"Rajiv Gandhi International Stadium, Hyderabad",C Shamshuddin,KN Ananthapadmanabhan
66,2023,Mohali,2020-10-05,Mumbai Indians,Delhi Capitals,Delhi Capitals,bat,wickets,0,Mumbai Indians,0,5,Suryakumar Yadav,"Punjab Cricket Association IS Bindra Stadium, Mohali",C Shamshuddin,KN Ananthapadmanabhan
67,2021,Lucknow,2020-10-18,Punjab Kings,Chennai Super Kings,Punjab Kings,field,wickets,0,Punjab Kings,0,5,Shikhar Dhawan,"Bharat Ratna Shri Atal Bihari Vajpayee Ekana Cricket Stadium, Lucknow",C Shamshuddin,KN Ananthapadmanabhan
68,2020,Kolkata,2020-11-01,Lucknow Super Giants,Delhi Capitals,Delhi Capitals,field,runs,0,Lucknow Super Giants,13,0,Nicholas Pooran,"Eden Gardens, Kolkata",C Shamshuddin,KN Ananthapadmanabhan
69,2018,Bengaluru,2020-11-19,Royal Challengers Bengaluru,Gujarat Titans,Royal Challengers Bengaluru,bat,wickets,0,Gujarat Titans,0,7,David Miller,"M Chinnaswamy Stadium, Bengaluru",C Shamshuddin,KN Ananthapadmanabhan
70,2021,Hyderabad,2020-11-28,Rajasthan Royals,Punjab Kings,Rajasthan Royals,bat,runs,0,Rajasthan Royals,6,0,Sam Curran,"Rajiv Gandhi International Stadium, Hyderabad",C Shamshuddin,KN Ananthapadmanabhan
71,2019,Hyderabad,2020-12-15,Gujarat Titans,Sunrisers Hyderabad,Gujarat Titans,field,wickets,0,Gujarat Titans,0,8,Sai Sudharsan,"Rajiv Gandhi International Stadium, Hyderabad",C Shamshuddin,KN Ananthapadmanabhan
72,2022,Jaipur,2020-12-27,Kolkata Knight Riders,Rajasthan Royals,Kolkata Knight Riders,bat,wickets,0,Rajasthan Royals,0,5,Jos Buttler,"Sawai Mansingh Stadium, Jaipur",C Shamshuddin,KN Ananthapadmanabhan
73,2023,Mumbai,2021-01-11,Chennai Super Kings,Lucknow Super Giants,Lucknow Super Giants,field,runs,0,Chennai Super Kings,1,0,Ruturaj Gaikwad,"Wankhede Stadium, Mumbai",C Shamshuddin,KN Ananthapadmanabhan
74,2023,Ahmedabad,2021-01-24,Delhi Capitals,Rajasthan Royals,Rajasthan Royals,bat,wickets,0,Delhi Capitals,0,4,Sanju Samson,"Narendra Modi Stadium, Ahmedabad",C Shamshuddin,KN Ananthapadmanabhan
75,2021,Mohali,2021-02-11,Gujarat Titans,Delhi Capitals,Gujarat Titans,bat,wickets,0,Delhi Capitals,0,2,Shubman Gill,"Punjab Cricket Association IS Bindra Stadium, Mohali",C Shamshuddin,KN Ananthapadmanabhan
76,2022,Jaipur,2021-02-24,Mumbai Indians,Lucknow Super Giants,Mumbai Indians,bat,runs,0,Mumbai Indians,35,0,Ishan Kishan,"Sawai Mansingh Stadium, Jaipur",C Shamshuddin,KN Ananthapadmanabhan
77,2021,Lucknow,2021-03-06,Rajasthan Royals,Chennai Super Kings,Chennai Super Kings,bat,wickets,0,Rajasthan Royals,0,7,Jos Buttler,"Bharat Ratna Shri Atal Bihari Vajpayee Ekana Cricket Stadium, Lucknow",C Shamshuddin,KN Ananthapadmanabhan
78,2022,Mumbai,2021-03-23,Sunrisers Hyderabad,Royal Challengers Bengaluru,Sunrisers Hyderabad,field,runs,0,Royal Challengers Bengaluru,12,0,Glenn Maxwell,"Wankhede Stadium, Mumbai",C Shamshuddin,KN Ananthapadmanabhan
79,2024,Kolkata,2021-04-08,Sunrisers Hyderabad,Rajasthan Royals,Rajasthan Royals,bat,runs,0,Rajasthan Royals,59,0,Travis Head,"Eden Gardens, Kolkata",C Shamshuddin,KN Ananthapadmanabhan
80,2024,Ahmedabad,2021-04-21,Chennai Super Kings,Gujarat Titans,Chennai Super Kings,field,runs,0,Gujarat Titans,16,0,Ruturaj Gaikwad,"Narendra Modi Stadium, Ahmedabad",C Shamshuddin,KN Ananthapadmanabhan
81,2019,Chennai,2021-05-02,Lucknow Super Giants,Gujarat Titans,Lucknow Super Giants,bat,wickets,0,Gujarat Titans,0,1,Tailender 8,"MA Chidambaram Stadium, Chepauk, Chennai",C Shamshuddin,KN Ananthapadmanabhan
82,2021,Lucknow,2021-05-19,Kolkata Knight Riders,Lucknow Super Giants,Kolkata Knight Riders,field,runs,0,Lucknow Super Giants,41,0,Quinton de Kock,"Bharat Ratna Shri Atal Bihari Vajpayee Ekana Cricket Stadium, Lucknow",C Shamshuddin,KN Ananthapadmanabhan
83,2018,Mohali,2021-05-31,Lucknow Super Giants,Chennai Super Kings,Lucknow Super Giants,bat,runs,0,Lucknow Super Giants,19,0,Ruturaj Gaikwad,"Punjab Cricket Association IS Bindra Stadium, Mohali",C Shamshuddin,KN Ananthapadmanabhan
84,2018,Bengaluru,2021-06-15,Gujarat Titans,Mumbai Indians,Gujarat Titans,bat,wickets,0,Mumbai Indians,0,7,Rohit Sharma,"M Chinnaswamy Stadium, Bengaluru",C Shamshuddin,KN Ananthapadmanabhan
85,2019,Mumbai,2021-07-01,Rajasthan Royals,Punjab Kings,Rajasthan Royals,field,runs,0,Punjab Kings,7,0,Jos Buttler,"Wankhede Stadium, Mumbai",C Shamshuddin,KN Ananthapadmanabhan
86,2021,Lucknow,2021-07-10,Punjab Kings,Gujarat Titans,Punjab Kings,bat,wickets,0,Gujarat Titans,0,6,Shubman Gill,"Bharat Ratna Shri Atal Bihari Vajpayee Ekana Cricket Stadium, Lucknow",C Shamshuddin,KN Ananthapadmanabhan
87,2019,Jaipur,2021-07-27,Mumbai Indians,Chennai Super Kings,Mumbai Indians,bat,runs,0,Mumbai Indians,88,0,Suryakumar Yadav,"Sawai Mansingh Stadium, Jaipur",C Shamshuddin,KN Ananthapadmanabhan
88,2019,Bengaluru,2021-08-10,Kolkata Knight Riders,Delhi Capitals,Delhi Capitals,bat,runs,0,Delhi Capitals,9,0,Mitchell Marsh,"M Chinnaswamy Stadium, Bengaluru",C Shamshuddin,KN Ananthapadmanabhan
89,2023,Lucknow,2021-08-23,Delhi Capitals,Punjab Kings,Punjab Kings,bat,runs,0,Punjab Kings,54,0,Jitesh Sharma,"Bharat Ratna Shri Atal Bihari Vajpayee Ekana Cricket Stadium, Lucknow",C Shamshuddin,KN Ananthapadmanabhan
90,2018,Mumbai,2021-09-07,Mumbai Indians,Punjab Kings,Punjab Kings,field,runs,0,Mumbai Indians,11,0,Jonny Bairstow,"Wankhede Stadium, Mumbai",C Shamshuddin,KN Ananthapadmanabhan
91,2024,Mumbai,2021-09-21,Delhi Capitals,Gujarat Titans,Gujarat Titans,bat,runs,0,Gujarat Titans,52,0,Shubman Gill,"Wankhede Stadium, Mumbai",C Shamshuddin,KN Ananthapadmanabhan
92,2024,Kolkata,2021-10-06,Lucknow Super Giants,Royal Challengers Bengaluru,Lucknow Super Giants,bat,runs,0,Lucknow Super Giants,35,0,Nicholas Pooran,"Eden Gardens, Kolkata",C Shamshuddin,KN Ananthapadmanabhan
93,2020,Hyderabad,2021-10-18,Sunrisers Hyderabad,Lucknow Super Giants,Lucknow Super Giants,bat,wickets,0,Sunrisers Hyderabad,0,8,Heinrich Klaasen,"Rajiv Gandhi International Stadium, Hyderabad",C Shamshuddin,KN Ananthapadmanabhan
94,2018,Bengaluru,2021-11-03,Sunrisers Hyderabad,Punjab Kings,Punjab Kings,bat,runs,0,Punjab Kings,36,0,Liam Livingstone,"M Chinnaswamy Stadium, Bengaluru",C Shamshuddin,KN Ananthapadmanabhan
95,2024,Ahmedabad,2021-11-15,Rajasthan Royals,Royal Challengers Bengaluru,Rajasthan Royals,bat,wickets,0,Royal Challengers Bengaluru,0,6,Glenn Maxwell,"Narendra Modi Stadium, Ahmedabad",C Shamshuddin,KN Ananthapadmanabhan
96,2021,Chennai,2021-12-02,Punjab Kings,Gujarat Titans,Punjab Kings,field,wickets,0,Punjab Kings,0,4,Shubman Gill,"MA Chidambaram Stadium, Chepauk, Chennai",C Shamshuddin,KN Ananthapadmanabhan
97,2023,Mohali,2021-12-13,Gujarat Titans,Chennai Super Kings,Chennai Super Kings,field,wickets,0,Chennai Super Kings,0,10,MS Dhoni,"Punjab Cricket Association IS Bindra Stadium, Mohali",C Shamshuddin,KN Ananthapadmanabhan
98,2018,Ahmedabad,2021-12-28,Rajasthan Royals,Kolkata Knight Riders,Kolkata Knight Riders,field,runs,0,Rajasthan Royals,17,0,Shreyas Iyer,"Narendra Modi Stadium, Ahmedabad",C Shamshuddin,KN Ananthapadmanabhan
99,2022,Delhi,2022-01-13,Delhi Capitals,Royal Challengers Bengaluru,Delhi Capitals,bat,runs,0,Delhi Capitals,17,0,David Warner,"Arun Jaitley Stadium, Delhi",C Shamshuddin,KN Ananthapadmanabhan
100,2023,Bengaluru,2022-01-24,Delhi Capitals,Chennai Super Kings,Chennai Super Kings,bat,runs,0,Chennai Super Kings,31,0,Mitchell Marsh,"M Chinnaswamy Stadium, Bengaluru",C Shamshuddin,KN Ananthapadmanabhan
101,2023,Mohali,2022-02-07,Royal Challengers Bengaluru,Delhi Capitals,Delhi Capitals,field,runs,0,Royal Challengers Bengaluru,12,0,Glenn Maxwell,"Punjab Cricket Association IS Bindra Stadium, Mohali",C Shamshuddin,KN Ananthapadmanabhan
102,2020,Mohali,2022-02-19,Delhi Capitals,Lucknow Super Giants,Delhi Capitals,field,wickets,0,Delhi Capitals,0,5,Tailender 5,"Punjab Cricket Association IS Bindra Stadium, Mohali",C Shamshuddin,KN Ananthapadmanabhan
103,2021,Mumbai,2022-03-09,Mumbai Indians,Delhi Capitals,Mumbai Indians,field,wickets,0,Mumbai Indians,0,5,Tailender 7,"Wankhede Stadium, Mumbai",C Shamshuddin,KN Ananthapadmanabhan
104,2023,Lucknow,2022-03-23,Sunrisers Hyderabad,Delhi Capitals,Sunrisers Hyderabad,bat,runs,0,Sunrisers Hyderabad,80,0,Prithvi Shaw,"Bharat Ratna Shri Atal Bihari Vajpayee Ekana Cricket Stadium, Lucknow",C Shamshuddin,KN Ananthapadmanabhan
105,2020,Kolkata,2022-04-06,Kolkata Knight Riders,Sunrisers Hyderabad,Kolkata Knight Riders,field,wickets,0,Kolkata Knight Riders,0,3,Andre Russell,"Eden Gardens, Kolkata",C Shamshuddin,KN Ananthapadmanabhan
106,2018,Bengaluru,2022-04-18,Rajasthan Royals,Punjab Kings,Punjab Kings,bat,runs,0,Punjab Kings,14,0,Jos Buttler,"M Chinnaswamy Stadium, Bengaluru",C Shamshuddin,KN Ananthapadmanabhan
107,2021,Ahmedabad,2022-05-04,Lucknow Super Giants,Delhi Capitals,Delhi Capitals,bat,wickets,0,Lucknow Super Giants,0,9,Quinton de Kock,"Narendra Modi Stadium, Ahmedabad",C Shamshuddin,KN Ananthapadmanabhan
108,2020,Delhi,2022-05-19,Kolkata Knight Riders,Lucknow Super Giants,Lucknow Super Giants,field,wickets,0,Lucknow Super Giants,0,9,KL Rahul,"Arun Jaitley Stadium, Delhi",C Shamshuddin,KN Ananthapadmanabhan
109,2018,Jaipur,2022-05-28,Chennai Super Kings,Mumbai Indians,Chennai Super Kings,field,wickets,0,Chennai Super Kings,0,8,MS Dhoni,"Sawai Mansingh Stadium, Jaipur",C Shamshuddin,KN Ananthapadmanabhan
110,2021,Jaipur,2022-06-14,Delhi Capitals,Lucknow Super Giants,Delhi Capitals,bat,runs,0,Delhi Capitals,44,0,Mitchell Marsh,"Sawai Mansingh Stadium, Jaipur",C Shamshuddin,KN Ananthapadmanabhan
111,2018,Mohali,2022-06-28,Lucknow Super Giants,Chennai Super Kings,Lucknow Super Giants,bat,runs,0,Lucknow Super Giants,1,0,KL Rahul,"Punjab Cricket Association IS Bindra Stadium, Mohali",C Shamshuddin,KN Ananthapadmanabhan
112,2019,Chennai,2022-07-12,Mumbai Indians,Rajasthan Royals,Rajasthan Royals,field,wickets,0,Rajasthan Royals,0,7,Yashasvi Jaiswal,"MA Chidambaram Stadium, Chepauk, Chennai",C Shamshuddin,KN Ananthapadmanabhan
113,2018,Mumbai,2022-07-27,Kolkata Knight Riders,Royal Challengers Bengaluru,Kolkata Knight Riders,field,wickets,0,Kolkata Knight Riders,0,7,Shreyas Iyer,"Wankhede Stadium, Mumbai",C Shamshuddin,KN Ananthapadmanabhan
114,2023,Delhi,2022-08-10,Punjab Kings,Gujarat Titans,Punjab Kings,bat,wickets,0,Gujarat Titans,0,3,Sam Curran,"Arun Jaitley Stadium, Delhi",C Shamshuddin,KN Ananthapadmanabhan
115,2023,Mumbai,2022-08-20,Kolkata Knight Riders,Punjab Kings,Kolkata Knight Riders,bat,wickets,0,Punjab Kings,0,3,Liam Livingstone,"Wankhede Stadium, Mumbai",C Shamshuddin,KN Ananthapadmanabhan
116,2022,Bengaluru,2022-09-04,Chennai Super Kings,Royal Challengers Bengaluru,Chennai Super Kings,field,runs,0,Royal Challengers Bengaluru,18,0,Faf du Plessis,"M Chinnaswamy Stadium, Bengaluru",C Shamshuddin,KN Ananthapadmanabhan
117,2024,Kolkata,2022-09-18,Royal Challengers Bengaluru,Lucknow Super Giants,Lucknow Super Giants,field,wickets,0,Lucknow Super Giants,0,5,Glenn Maxwell,"Eden Gardens, Kolkata",C Shamshuddin,KN Ananthapadmanabhan
118,2019,Lucknow,2022-10-06,Lucknow Super Giants,Punjab Kings,Lucknow Super Giants,field,wickets,0,Lucknow Super Giants,0,7,Ayush Badoni,"Bharat Ratna Shri Atal Bihari Vajpayee Ekana Cricket Stadium, Lucknow",C Shamshuddin,KN Ananthapadmanabhan
119,2021,Ahmedabad,2022-10-17,Rajasthan Royals,Lucknow Super Giants,Rajasthan Royals,field,wickets,0,Rajasthan Royals,0,2,Marcus Stoinis,"Narendra Modi Stadium, Ahmedabad",C Shamshuddin,KN Ananthapadmanabhan
120,2020,Lucknow,2022-10-29,Lucknow Super Giants,Royal Challengers Bengaluru,Lucknow Super Giants,bat,wickets,0,Royal Challengers Bengaluru,0,1,Nicholas Pooran,"Bharat Ratna Shri Atal Bihari Vajpayee Ekana Cricket Stadium, Lucknow",C Shamshuddin,KN Ananthapadmanabhan
121,2021,Mohali,2022-11-14,Chennai Super Kings,Rajasthan Royals,Rajasthan Royals,bat,runs,0,Rajasthan Royals,22,0,Shimron Hetmyer,"Punjab Cricket Association IS Bindra Stadium, Mohali",C Shamshuddin,KN Ananthapadmanabhan
122,2020,Mohali,2022-11-29,Mumbai Indians,Kolkata Knight Riders,Mumbai Indians,bat,wickets,0,Kolkata Knight Riders,0,2,Rinku Singh,"Punjab Cricket Association IS Bindra Stadium, Mohali",C Shamshuddin,KN Ananthapadmanabhan
123,2023,Lucknow,2022-12-12,Delhi Capitals,Sunrisers Hyderabad,Sunrisers Hyderabad,bat,runs,0,Sunrisers Hyderabad,92,0,Heinrich Klaasen,"Bharat Ratna Shri Atal Bihari Vajpayee Ekana Cricket Stadium, Lucknow",C Shamshuddin,KN Ananthapadmanabhan
124,2024,Mumbai,2022-12-27,Mumbai Indians,Sunrisers Hyderabad,Mumbai Indians,bat,runs,0,Mumbai Indians,33,0,Suryakumar Yadav,"Wankhede Stadium, Mumbai",C Shamshuddin,KN Ananthapadmanabhan
125,2019,Kolkata,2023-01-08,Lucknow Super Giants,Royal Challengers Bengaluru,Lucknow Super Giants,field,runs,0,Royal Challengers Bengaluru,32,0,Glenn Maxwell,"Eden Gardens, Kolkata",C Shamshuddin,KN Ananthapadmanabhan
126,2019,Mumbai,2023-01-21,Mumbai Indians,Delhi Capitals,Mumbai Indians,field,wickets,0,Mumbai Indians,0,1,Axar Patel,"Wankhede Stadium, Mumbai",C Shamshuddin,KN Ananthapadmanabhan
127,2022,Ahmedabad,2023-02-05,Mumbai Indians,Chennai Super Kings,Mumbai Indians,bat,runs,0,Mumbai Indians,34,0,Rohit Sharma,"Narendra Modi Stadium, Ahmedabad",C Shamshuddin,KN Ananthapadmanabhan
128,2024,Jaipur,2023-02-19,Lucknow Super Giants,Chennai Super Kings,Lucknow Super Giants,field,wickets,0,Lucknow Super Giants,0,6,Nicholas Pooran,"Sawai Mansingh Stadium, Jaipur",C Shamshuddin,KN Ananthapadmanabhan
129,2020,Jaipur,2023-03-07,Sunrisers Hyderabad,Rajasthan Royals,Rajasthan Royals,field,wickets,0,Rajasthan Royals,0,6,Jos Buttler,"Sawai Mansingh Stadium, Jaipur",C Shamshuddin,KN Ananthapadmanabhan
130,2024,Lucknow,2023-03-19,Punjab Kings,Sunrisers Hyderabad,Punjab Kings,field,wickets,0,Punjab Kings,0,9,Abhishek Sharma,"Bharat Ratna Shri Atal Bihari Vajpayee Ekana Cricket Stadium, Lucknow",C Shamshuddin,KN Ananthapadmanabhan
131,2022,Mumbai,2023-04-03,Mumbai Indians,Lucknow Super Giants,Mumbai Indians,bat,runs,0,Mumbai Indians,11,0,Quinton de Kock,"Wankhede Stadium, Mumbai",C Shamshuddin,KN Ananthapadmanabhan
132,2020,Bengaluru,2023-04-20,Rajasthan Royals,Chennai Super Kings,Chennai Super Kings,bat,runs,0,Chennai Super Kings,25,0,Jos Buttler,"M Chinnaswamy Stadium, Bengaluru",C Shamshuddin,KN Ananthapadmanabhan
133,2023,Bengaluru,2023-05-01,Chennai Super Kings,Lucknow Super Giants,Lucknow Super Giants,field,wickets,0,Lucknow Super Giants,0,7,Quinton de Kock,"M Chinnaswamy Stadium, Bengaluru",C Shamshuddin,KN Ananthapadmanabhan
134,2024,Kolkata,2023-05-18,Royal Challengers Bengaluru,Sunrisers Hyderabad,Royal Challengers Bengaluru,bat,wickets,0,Sunrisers Hyderabad,0,5,Abhishek Sharma,"Eden Gardens, Kolkata",C Shamshuddin,KN Ananthapadmanabhan
135,2018,Delhi,2023-05-27,Chennai Super Kings,Lucknow Super Giants,Lucknow Super Giants,bat,wickets,0,Chennai Super Kings,0,4,Tailender 6,"Arun Jaitley Stadium, Delhi",C Shamshuddin,KN Ananthapadmanabhan
136,2021,Kolkata,2023-06-13,Kolkata Knight Riders,Lucknow Super Giants,Lucknow Super Giants,bat,wickets,0,Kolkata Knight Riders,0,7,Venkatesh Iyer,"Eden Gardens, Kolkata",C Shamshuddin,KN Ananthapadmanabhan
137,2018,Ahmedabad,2023-06-26,Sunrisers Hyderabad,Royal Challengers Bengaluru,Sunrisers Hyderabad,bat,wickets,0,Royal Challengers Bengaluru,0,5,Rahul Tripathi,"Narendra Modi Stadium, Ahmedabad",C Shamshuddin,KN Ananthapadmanabhan
138,2022,Mohali,2023-07-11,Sunrisers Hyderabad,Rajasthan Royals,Rajasthan Royals,bat,runs,0,Rajasthan Royals,3,0,Yashasvi Jaiswal,"Punjab Cricket Association IS Bindra Stadium, Mohali",C Shamshuddin,KN Ananthapadmanabhan
139,2020,Chennai,2023-07-24,Rajasthan Royals,Delhi Capitals,Rajasthan Royals,field,runs,0,Delhi Capitals,1,0,Axar Patel,"MA Chidambaram Stadium, Chepauk, Chennai",C Shamshuddin,KN Ananthapadmanabhan
140,2021,Hyderabad,2023-08-10,Delhi Capitals,Mumbai Indians,Delhi Capitals,field,wickets,0,Delhi Capitals,0,7,David Warner,"Rajiv Gandhi International Stadium, Hyderabad",C Shamshuddin,KN Ananthapadmanabhan
141,2024,Kolkata,2023-08-20,Gujarat Titans,Royal Challengers Bengaluru,Gujarat Titans,bat,runs,0,Gujarat Titans,12,0,Shubman Gill,"Eden Gardens, Kolkata",C Shamshuddin,KN Ananthapadmanabhan
142,2024,Bengaluru,2023-09-07,Punjab Kings,Gujarat Titans,Punjab Kings,bat,runs,0,Punjab Kings,32,0,Jonny Bairstow,"M Chinnaswamy Stadium, Bengaluru",C Shamshuddin,KN Ananthapadmanabhan
143,2021,Hyderabad,2023-09-19,Chennai Super Kings,Royal Challengers Bengaluru,Royal Challengers Bengaluru,bat,wickets,0,Chennai Super Kings,0,5,Ajinkya Rahane,"Rajiv Gandhi International Stadium, Hyderabad",C Shamshuddin,KN Ananthapadmanabhan
144,2019,Jaipur,2023-10-02,Royal Challengers Bengaluru,Chennai Super Kings,Royal Challengers Bengaluru,bat,wickets,0,Chennai Super Kings,0,5,Ajinkya Rahane,"Sawai Mansingh Stadium, Jaipur",C Shamshuddin,KN Ananthapadmanabhan
145,2024,Kolkata,2023-10-16,Rajasthan Royals,Punjab Kings,Punjab Kings,bat,wickets,0,Rajasthan Royals,0,7,Riyan Parag,"Eden Gardens, Kolkata",C Shamshuddin,KN Ananthapadmanabhan
146,2024,Chennai,2023-11-02,Sunrisers Hyderabad,Chennai Super Kings,Chennai Super Kings,bat,wickets,0,Sunrisers Hyderabad,0,8,Heinrich Klaasen,"MA Chidambaram Stadium, Chepauk, Chennai",C Shamshuddin,KN Ananthapadmanabhan
147,2024,Hyderabad,2023-11-12,Chennai Super Kings,Delhi Capitals,Chennai Super Kings,field,wickets,0,Chennai Super Kings,0,4,Devon Conway,"Rajiv Gandhi International Stadium, Hyderabad",C Shamshuddin,KN Ananthapadmanabhan
148,2020,Mohali,2023-11-29,Rajasthan Royals,Chennai Super Kings,Chennai Super Kings,bat,wickets,0,Rajasthan Royals,0,7,Yashasvi Jaiswal,"Punjab Cricket Association IS Bindra Stadium, Mohali",C Shamshuddin,KN Ananthapadmanabhan
149,2021,Delhi,2023-12-14,Rajasthan Royals,Gujarat Titans,Gujarat Titans,field,tie,0,Gujarat Titans,0,0,Shimron Hetmyer,"Arun Jaitley Stadium, Delhi",C Shamshuddin,KN Ananthapadmanabhan
150,2023,Lucknow,2023-12-25,Sunrisers Hyderabad,Gujarat Titans,Sunrisers Hyderabad,field,wickets,0,Sunrisers Hyderabad,0,5,Aiden Markram,"Bharat Ratna Shri Atal Bihari Vajpayee Ekana Cricket Stadium, Lucknow",C Shamshuddin,KN Ananthapadmanabhan
151,2018,Delhi,2024-01-08,Sunrisers Hyderabad,Kolkata Knight Riders,Sunrisers Hyderabad,bat,runs,0,Sunrisers Hyderabad,16,0,Venkatesh Iyer,"Arun Jaitley Stadium, Delhi",C Shamshuddin,KN Ananthapadmanabhan
152,2022,Kolkata,2024-01-21,Royal Challengers Bengaluru,Kolkata Knight Riders,Royal Challengers Bengaluru,field,wickets,0,Royal Challengers Bengaluru,0,5,Faf du Plessis,"Eden Gardens, Kolkata",C Shamshuddin,KN Ananthapadmanabhan
153,2024,Mumbai,2024-02-06,Sunrisers Hyderabad,Chennai Super Kings,Chennai Super Kings,field,wickets,0,Chennai Super Kings,0,7,Devon Conway,"Wankhede Stadium, Mumbai",C Shamshuddin,KN Ananthapadmanabhan
154,2023,Jaipur,2024-02-18,Lucknow Super Giants,Delhi Capitals,Lucknow Super Giants,field,wickets,0,Lucknow Super Giants,0,7,KL Rahul,"Sawai Mansingh Stadium, Jaipur",C Shamshuddin,KN Ananthapadmanabhan
155,2023,Bengaluru,2024-03-07,Lucknow Super Giants,Delhi Capitals,Delhi Capitals,bat,runs,0,Delhi Capitals,9,0,KL Rahul,"M Chinnaswamy Stadium, Bengaluru",C Shamshuddin,KN Ananthapadmanabhan
156,2022,Ahmedabad,2024-03-20,Mumbai Indians,Royal Challengers Bengaluru,Mumbai Indians,field,runs,0,Royal Challengers Bengaluru,4,0,Virat Kohli,"Narendra Modi Stadium, Ahmedabad",C Shamshuddin,KN Ananthapadmanabhan
157,2020,Mohali,2024-04-03,Gujarat Titans,Rajasthan Royals,Rajasthan Royals,bat,wickets,0,Gujarat Titans,0,2,Tailender 7,"Punjab Cricket Association IS Bindra Stadium, Mohali",C Shamshuddin,KN Ananthapadmanabhan
158,2021,Chennai,2024-04-15,Lucknow Super Giants,Gujarat Titans,Lucknow Super Giants,field,wickets,0,Lucknow Super Giants,0,9,Quinton de Kock,"MA Chidambaram Stadium, Chepauk, Chennai",C Shamshuddin,KN Ananthapadmanabhan
159,2018,Kolkata,2024-04-28,Lucknow Super Giants,Mumbai Indians,Lucknow Super Giants,field,wickets,0,Lucknow Super Giants,0,4,Nicholas Pooran,"Eden Gardens, Kolkata",C Shamshuddin,KN Ananthapadmanabhan
160,2023,Bengaluru,2024-05-13,Lucknow Super Giants,Punjab Kings,Lucknow Super Giants,field,wickets,0,Lucknow Super Giants,0,3,Nicholas Pooran,"M Chinnaswamy Stadium, Bengaluru",C Shamshuddin,KN Ananthapadmanabhan
161,2023,Lucknow,2024-05-30,Kolkata Knight Riders,Mumbai Indians,Mumbai Indians,field,runs,0,Kolkata Knight Riders,26,0,Tailender 6,"Bharat Ratna Shri Atal Bihari Vajpayee Ekana Cricket Stadium, Lucknow",C Shamshuddin,KN Ananthapadmanabhan
162,2022,Kolkata,2024-06-08,Gujarat Titans,Lucknow Super Giants,Gujarat Titans,field,wickets,0,Gujarat Titans,0,2,Matthew Wade,"Eden Gardens, Kolkata",C Shamshuddin,KN Ananthapadmanabhan
163,2023,Hyderabad,2024-06-26,Punjab Kings,Lucknow Super Giants,Lucknow Super Giants,field,wickets,0,Lucknow Super Giants,0,2,Tailender 6,"Rajiv Gandhi International Stadium, Hyderabad",C Shamshuddin,KN Ananthapadmanabhan
164,2023,Mohali,2024-07-07,Delhi Capitals,Gujarat Titans,Delhi Capitals,bat,runs,0,Delhi Capitals,1,0,Shubman Gill,"Punjab Cricket Association IS Bindra Stadium, Mohali",C Shamshuddin,KN Ananthapadmanabhan
165,2018,Hyderabad,2024-07-25,Chennai Super Kings,Punjab Kings,Punjab Kings,field,runs,0,Chennai Super Kings,52,0,Jonny Bairstow,"Rajiv Gandhi International Stadium, Hyderabad",C Shamshuddin,KN Ananthapadmanabhan
166,2019,Lucknow,2024-08-04,Delhi Capitals,Rajasthan Royals,Delhi Capitals,bat,runs,0,Delhi Capitals,40,0,Prithvi Shaw,"Bharat Ratna Shri Atal Bihari Vajpayee Ekana Cricket Stadium, Lucknow",C Shamshuddin,KN Ananthapadmanabhan
167,2020,Jaipur,2024-08-21,Punjab Kings,Rajasthan Royals,Punjab Kings,field,wickets,0,Punjab Kings,0,8,Liam Livingstone,"Sawai Mansingh Stadium, Jaipur",C Shamshuddin,KN Ananthapadmanabhan
168,2023,Ahmedabad,2024-09-04,Punjab Kings,Kolkata Knight Riders,Punjab Kings,field,runs,0,Kolkata Knight Riders,56,0,Liam Livingstone,"Narendra Modi Stadium, Ahmedabad",C Shamshuddin,KN Ananthapadmanabhan
169,2020,Jaipur,2024-09-14,Delhi Capitals,Rajasthan Royals,Rajasthan Royals,field,wickets,0,Rajasthan Royals,0,7,Shimron Hetmyer,"Sawai Mansingh Stadium, Jaipur",C Shamshuddin,KN Ananthapadmanabhan
170,2018,Mumbai,2024-09-30,Gujarat Titans,Chennai Super Kings,Chennai Super Kings,bat,runs,0,Chennai Super Kings,17,0,MS Dhoni,"Wankhede Stadium, Mumbai",C Shamshuddin,KN Ananthapadmanabhan
171,2019,Jaipur,2024-10-14,Sunrisers Hyderabad,Lucknow Super Giants,Lucknow Super Giants,bat,wickets,0,Sunrisers Hyderabad,0,3,Nicholas Pooran,"Sawai Mansingh Stadium, Jaipur",C Shamshuddin,KN Ananthapadmanabhan
172,2020,Mohali,2024-10-30,Delhi Capitals,Sunrisers Hyderabad,Sunrisers Hyderabad,field,runs,0,Delhi Capitals,11,0,Rishabh Pant,"Punjab Cricket Association IS Bindra Stadium, Mohali",C Shamshuddin,KN Ananthapadmanabhan
173,2021,Ahmedabad,2024-11-09,Kolkata Knight Riders,Punjab Kings,Punjab Kings,bat,runs,0,Punjab Kings,74,0,Liam Livingstone,"Narendra Modi Stadium, Ahmedabad",C Shamshuddin,KN Ananthapadmanabhan
174,2024,Kolkata,2024-11-26,Lucknow Super Giants,Chennai Super Kings,Chennai Super Kings,bat,runs,0,Chennai Super Kings,28,0,MS Dhoni,"Eden Gardens, Kolkata",C Shamshuddin,KN Ananthapadmanabhan
175,2020,Lucknow,2024-12-12,Rajasthan Royals,Punjab Kings,Rajasthan Royals,field,runs,0,Punjab Kings,1,0,Jos Buttler,"Bharat Ratna Shri Atal Bihari Vajpayee Ekana Cricket Stadium, Lucknow",C Shamshuddin,KN Ananthapadmanabhan
176,2023,Delhi,2024-12-21,Kolkata Knight Riders,Royal Challengers Bengaluru,Kolkata Knight Riders,bat,runs,0,Kolkata Knight Riders,62,0,Rinku Singh,"Arun Jaitley Stadium, Delhi",C Shamshuddin,KN Ananthapadmanabhan
177,2021,Bengaluru,2025-01-04,Royal Challengers Bengaluru,Chennai Super Kings,Royal Challengers Bengaluru,bat,runs,0,Royal Challengers Bengaluru,27,0,Ajinkya Rahane,"M Chinnaswamy Stadium, Bengaluru",C Shamshuddin,KN Ananthapadmanabhan
178,2024,Jaipur,2025-01-21,Mumbai Indians,Sunrisers Hyderabad,Mumbai Indians,bat,wickets,0,Sunrisers Hyderabad,0,7,Abhishek Sharma,"Sawai Mansingh Stadium, Jaipur",C Shamshuddin,KN Ananthapadmanabhan
179,2021,Ahmedabad,2025-02-06,Royal Challengers Bengaluru,Delhi Capitals,Delhi Capitals,field,wickets,0,Delhi Capitals,0,2,Rishabh Pant,"Narendra Modi Stadium, Ahmedabad",C Shamshuddin,KN Ananthapadmanabhan
180,2020,Ahmedabad,2025-02-19,Gujarat Titans,Kolkata Knight Riders,Gujarat Titans,field,runs,0,Kolkata Knight Riders,29,0,Sai Sudharsan,"Narendra Modi Stadium, Ahmedabad",C Shamshuddin,KN Ananthapadmanabhan
